Category,Frequency,Percentage
CASERO,1229907.29446279,5.9235165251274
INQUILINO,10381563.7995231,50
PROPIETARIO_SIN,9151656.50506033,44.0764834748726
