CASERO,INQUILINA,PROPIETARIO
0.0192304501446803,0.492230725124834,0.191005220823016
0.0740571251668042,0.308485123291089,0.257814617466248
0.176558953928697,0.166932466019744,0.298202573088658
0.730153470759818,0.0323516855643331,0.252977588622078
