TENENCIA,media,mediana
CASERO,154250.869052421,96260.72
INQUILINA,21436.0837221981,16495.11
PROPIETARIO,47698.0379963346,30509.8
