Category,Frequency,Percentage
CASERO,1357.2740738864,4.38430560727027
INQUILINO,15478.7803983794,50
PROPIETARIO,14121.506324493,45.6156943927297
