tipo,media,mediana
caseros,176255.017330384,116389.56
caseros (excluye rentas alq.),169031.842670629,89924.09
inquilinos,15086.5975682576,14405.3
prop. sin rentas alq.,52637.0758172418,31291.25
todos,54944.4042726116,28805.25
