TENENCIA,media,mediana
CASERO,176255.017330384,116389.56
INQUILINA,15086.5975682576,14405.3
PROPIETARIO,52637.0758172418,31291.25
