niveles,caseros,inquilinos
hasta 15733.41,0.0174336543871687,0.606568767919254
entre 15733.41 y 28805.25,0.00771509001060934,0.282579175118863
entre 28805.25 y 55161.02,0.237990167105657,0.0861741278385306
mas de 55161.02,0.736861088496565,0.0246779291233528
