CASERO,INQUILINA,PROPIETARIO
2762.6878839061,161236.832793364,0.191005220823016
10639.2060963713,101048.475246464,0.257814617466248
25364.8395718329,54680.9874669715,0.298202573088658
104895.420121933,10597.2322524096,0.252977588622078
