TENENCIA,N,TENENCIA,N
CASERO,1250.296039162,CASERO,0.0849704413213575
INQUILINA,1844.5582869427,INQUILINA,0.125356656963848
PROPIETARIO,11619.6277893099,PROPIETARIO,0.789672901714795
