tipo,media,mediana
caseros,214990.067585222,87210.96
caseros (excluye rentas alq.),147959.376692223,65843.06
inquilinos,18389.3117799929,15116.67
prop. sin rentas alq.,50798.9195088286,28545.98
todos,60060.0428446304,26640.39
