CASERO,INQUILINA,PROPIETARIO
0.0152052797187829,0.330893688978004,0.290755302434859
0,0.32295907576061,0.260532434158595
0,0.346147235261386,0.247806155066952
0.984794720281217,0,0.200906108339593
