TENENCIA,media,mediana
CASERO,181235.732158703,118843.1
INQUILINA,17158.4926086496,12004.03
PROPIETARIO,57525.6674468077,32019.92
