Category,Frequency,Percentage
CASERO,1250.296039162,4.85743371843426
INQUILINO,12869.9238284719,50
PROPIETARIO_SIN,11619.6277893099,45.1425662815657
