niveles,caseros,inquilinos
hasta 14857.03,0.0483144429638516,0.490851177469466
entre 14857.03 y 26640.39,0.0792534060779323,0.316932883671728
entre 26640.39 y 50313.95,0.170834438744961,0.159048587662093
mas de 50313.95,0.701597712213255,0.0331673511967134
