TENENCIA,N,TENENCIA,N
CASERO,1357.2740738864,CASERO,0.0722250907439885
INQUILINA,3313.4988484192,INQUILINA,0.176322350519758
PROPIETARIO,14121.506324493,PROPIETARIO,0.751452558736253
