Category,Frequency,Percentage
TENENCIACASERO,1357.2740738864,7.22250907439885
TENENCIAINQUILINA,3313.4988484192,17.6322350519758
TENENCIAPROPIETARIO,14121.506324493,75.1452558736254
