TENENCIA,media,mediana
CASERO,314242.374802081,114111.74
INQUILINA,20822.5306383979,16659.58
PROPIETARIO,75430.3966846943,34870.53
