niveles,tenencia,frecuencia,proporción
hasta 15733.41,CASERO,1357.2740738864,0.0727209830336981
entre 15733.41 y 28805.25,INQUILINA,3313.4988484192,0.177532967124397
entre 28805.25 y 55161.02,PROPIETARIO,13993.3597291666,0.749746049841905
mas de 55161.02,CASERO,1357.2740738864,0.0727209830336981
