CASERO,INQUILINA,PROPIETARIO
0.00138468886414582,0.416154751438408,0.0584840065246922
0.0980203693501527,0.300522977347726,0.206678277223986
0.204191972012456,0.199436900564826,0.33216238248937
0.696402969773246,0.0838853706490397,0.402675333761952
