TENENCIA,media,mediana
CASERO,51920.581462533,34571.98
INQUILINA,8403.00309239131,1951.93
PROPIETARIO,27257.254912439,20682.16
