TENENCIA,media,mediana
CASERO,40544.9418686193,29899.02
INQUILINA,11719.2502873679,10325.14
PROPIETARIO,24251.002855516,19536.53
