TENENCIA,media,mediana
CASERO,35375.4210525415,24999.83
INQUILINA,12016.5126414753,10842.24
PROPIETARIO,22653.1193993956,18684.26
