TENENCIA,media,mediana
CASERO,40423.8907885434,29837.35
INQUILINA,6188.33175463727,0.64
PROPIETARIO,22391.9604358043,18407.76
