TENENCIA,media,mediana
CASERO,76548.2423968674,57999.28
INQUILINA,23245.1489503678,19416.94
PROPIETARIO,42017.5173648827,34305.82
