TENENCIA,N,TENENCIA,N
CASERO,321352.659518043,CASERO,0.100959653707654
INQUILINA,1338793.88029133,INQUILINA,0.420610075992076
PROPIETARIO,1522834.46019062,PROPIETARIO,0.47843027030027
