TENENCIA,N,TENENCIA,N
CASERO,363523.226668376,CASERO,0.114208418670541
INQUILINA,832557.089282384,INQUILINA,0.261565208614938
PROPIETARIO,1986900.68404924,PROPIETARIO,0.624226372714522
