TENENCIA,media,mediana
CASERO,91564.8115980371,61086.91
INQUILINA,24983.7228065193,20467.56
PROPIETARIO,46156.6983432552,33554.99
