quantiles,CASERO,INQUILINA,PROPIETARIO
hasta 18340.98,0.039091842320108,0.441961286548679,0.206710038496306
entre 18340.98 y 31721.45,0.123746055183605,0.291200577204603,0.25903449181446
entre 31721.45 y 53802.14,0.260537618083867,0.189241292144165,0.276398728050966
mas de 53802.14,0.57662448441242,0.0775968441025533,0.257856741638269
