quantiles,CASERO,INQUILINA,PROPIETARIO
hasta 9065.16,0.0900991072484999,0.448894205877551,0.136356006460843
entre 9065.16 y 16314.7,0.0930496917135731,0.30134724131123,0.241207104844492
entre 16314.7 y 26284.88,0.23277773080921,0.176971081915247,0.305219774094671
mas de 26284.88,0.584073470228717,0.0727874708959723,0.317217114599994
