quantiles,CASERO,INQUILINA,PROPIETARIO
hasta 5781.51,0.0687213713647299,0.417214666455008,0.141215293716019
entre 5781.51 y 16232.18,0.202142999567048,0.290481399311663,0.222357587619263
entre 16232.18 y 27080.83,0.237564514402215,0.201672716701215,0.296616438982544
mas de 27080.83,0.491571114666006,0.0906312175321146,0.339810679682174
