CASERO,INQUILINA,PROPIETARIO
0.0387574984017007,0.44261649068803,0.207252421351211
0.124394624161033,0.291110091512406,0.259287082401973
0.261074367592146,0.189053878315077,0.276159134478705
0.57577350984512,0.0772195394844873,0.257301361768111
