TENENCIA,media,mediana
CASERO,43644.3747098951,30170.61
INQUILINA,6911.19330997097,394.87
PROPIETARIO,24205.7210730789,18296.25
