TENENCIA,media,mediana
CASERO,27765.6225838774,26499.86
INQUILINA,11515.3653599377,9437.36
PROPIETARIO,18194.9944254441,20845.37
