TENENCIA,media,mediana
CASERO,73234.4258389546,51764.59
INQUILINA,22656.5158347694,18023.53
PROPIETARIO,43184.9410084585,32316.18
