TENENCIA,media,mediana
CASERO,78856.7407785975,53687.53
INQUILINA,20666.1374380712,16659.58
PROPIETARIO,41820.2803083881,30790.45
