TENENCIA,N,TENENCIA,N
CASERO,196861.794869817,CASERO,0.0626887382764619
INQUILINA,1676082.44700237,INQUILINA,0.533732276084275
PROPIETARIO,1267361.34222878,PROPIETARIO,0.403578985639263
