quantiles,CASERO,INQUILINA,PROPIETARIO
hasta 18715.13,0.0261328398036971,0.541630132252095,0.199881174868156
entre 18715.13 y 28286.66,0.0944108699074823,0.276937765928888,0.255303496641854
entre 28286.66 y 43221.26,0.199096476620821,0.140133505189725,0.29063961016066
mas de 43221.26,0.680359813667999,0.0412985966292922,0.25417571832933
