TENENCIA,media,mediana,media_noal,mediana_noal
CASERO,52864.6218385995,46631.39,44898.2087766108,35359.56
INQUILINA,15000.2636921032,14405.3,15000.2636921032,14405.3
PROPIETARIO,32138.1875798479,25812.09,32138.1875798479,25812.09
