TENENCIA,N,TENENCIA,N
CASERO,4922.9786817429,CASERO,0.0969052140022616
INQUILINA,10455.2389553726,INQUILINA,0.205803687952692
PROPIETARIO,35423.7823628845,PROPIETARIO,0.697291098045047
