TENENCIA,N,TENENCIA,N
CASERO,1470.60258149006,CASERO,0.0762748460429265
INQUILINA,4225.98171784295,INQUILINA,0.219186413083874
PROPIETARIO,13583.724449667,PROPIETARIO,0.704538740873199
