TENENCIA,N,TENENCIA,N
CASERO,4851.47119580393,CASERO,0.0954976417425285
INQUILINA,10389.2934810035,INQUILINA,0.204505599799289
PROPIETARIO,35561.2353231926,PROPIETARIO,0.699996758458183
