TENENCIA,media,mediana,media_noal,mediana_noal
CASERO,56875.1268816656,53947.11,49273.3257038338,45684.49
INQUILINA,18677.7411379306,15192.1,18677.7411379306,15192.1
PROPIETARIO,34667.0984229278,29653.38,34667.0984229278,29653.38
