quantiles,CASERO,INQUILINA,PROPIETARIO
hasta 18361.17,0.0281601909655766,0.544433387134503,0.197156961916352
entre 18361.17 y 28286.66,0.0922679115410677,0.283067827487434,0.262091212920187
entre 28286.66 y 42851.54,0.194521999218672,0.130295030317749,0.288670945884628
mas de 42851.54,0.685049898274683,0.0422037550603139,0.252080879278833
