TENENCIA,media,mediana
CASERO,58778.0981898446,55274.15
INQUILINA,18672.8354009014,17338.02
PROPIETARIO,35576.2342829537,29788.38
