TENENCIA,media,mediana
CASERO,58699.8720251913,55274.15
INQUILINA,18644.0784232213,17338.02
PROPIETARIO,35644.9616697293,29788.38
