TENENCIA,N,TENENCIA,N
CASERO,435094.516227971,CASERO,0.132619148796833
INQUILINA,914161.610711828,INQUILINA,0.278641375962142
PROPIETARIO,1931525.8730602,PROPIETARIO,0.588739475241025
