TENENCIA,N,TENENCIA,N
CASERO,437017.039819948,CASERO,0.133205144328379
INQUILINA,914971.771355649,INQUILINA,0.278888317284004
PROPIETARIO,1928793.1888244,PROPIETARIO,0.587906538387617
