TENENCIA,media,mediana
CASERO,83896.430333264,60639.46
INQUILINA,24710.8313968515,20390.74
PROPIETARIO,44807.1495894984,33479.35
