TENENCIA,media,mediana
CASERO,82941.4755434771,60741.87
INQUILINA,24682.231774859,20691.73
PROPIETARIO,45417.2291595515,34514.96
