TENENCIA,media,mediana,media_noal,mediana_noal
CASERO,86479.7575956333,63333.11,74126.6817469128,53088.62
INQUILINA,24891.0836940362,20515.18,24891.0836940362,20515.18
PROPIETARIO,45963.9904747245,34153.97,45963.9904747245,34153.97
