quantiles,CASERO,INQUILINA,PROPIETARIO
hasta 18285.68,0.0391358046701944,0.441769176582095,0.206561258594596
entre 18285.68 y 31630.81,0.123592202395493,0.292080251987699,0.258543647809397
entre 31630.81 y 53514.8,0.261553016912529,0.187815361670856,0.276934486318664
mas de 53514.8,0.575718976021784,0.0783352097593494,0.257960607277343
