TENENCIA,N,TENENCIA,N
CASERO,490066.348635894,CASERO,0.153964584971099
INQUILINA,718570.103694348,INQUILINA,0.225753814959734
PROPIETARIO,1974344.54766976,PROPIETARIO,0.620281600069168
