quantiles,CASERO,INQUILINA,PROPIETARIO
hasta 18900.57,0.0412350926258974,0.453749468360716,0.204649598515608
entre 18900.57 y 32479.12,0.12871506717933,0.288146186121427,0.259826313137192
entre 32479.12 y 54792.13,0.262705805730351,0.185413693924859,0.27629931018225
mas de 54792.13,0.567344034464422,0.0726906515929975,0.25922477816495
