quantiles,CASERO,INQUILINA,PROPIETARIO
hasta 18385.73,0.0387574984017007,0.44261649068803,0.207252421351211
entre 18385.73 y 31786.52,0.124394624161033,0.291110091512406,0.259287082401973
entre 31786.52 y 54028.38,0.261074367592146,0.189053878315077,0.276159134478705
mas de 54028.38,0.57577350984512,0.0772195394844873,0.257301361768111
