TENENCIA,media,mediana
CASERO,71508.0362819179,57621.73
INQUILINA,24899.5589132044,19905.61
PROPIETARIO,37588.966593365,33853.96
