quantiles,CASERO,INQUILINA,PROPIETARIO
hasta 15857.61,0.0341541526562805,0.473759054318761,0.195993387810254
entre 15857.61 y 28285.88,0.129399339298963,0.287973723255396,0.25624429313118
entre 28285.88 y 47592.07,0.257469260090058,0.169669672628046,0.282207025006421
mas de 47592.07,0.578977247954698,0.0685975497977966,0.265555294052145
