TENENCIA,media,mediana
CASERO,84642.1824359369,60833.26
INQUILINA,24842.6945290154,20445.46
PROPIETARIO,45072.8434586086,33508.88
