TENENCIA,media,mediana
CASERO,74930.9970478827,53390.53
INQUILINA,20571.5224359117,16698.33
PROPIETARIO,41087.4091644743,31310.48
