TENENCIA,media,mediana
CASERO,46484.2343005376,34335.1
INQUILINA,8266.75586049033,1864.12
PROPIETARIO,25956.3963679985,20573.9
