TENENCIA,media,mediana,media_noal,mediana_noal
CASERO,91564.8115980371,61086.91,87664.0392005473,57864.1375
INQUILINA,24983.7228065193,20467.56,24983.7228065193,20467.56
PROPIETARIO,46156.6983432552,33554.99,46156.6983432552,33554.99
