TENENCIA,media,mediana
CASERO,47133.6864876721,34493.44
INQUILINA,8367.76592448699,1982.97
PROPIETARIO,26037.2029603299,20612.11
