quantiles,CASERO,INQUILINA,PROPIETARIO
hasta 16298.01,0.0351626108867176,0.484152608878518,0.197447771082497
entre 16298.01 y 28962.1,0.133608316728482,0.287233867059392,0.25648918879593
entre 28962.1 y 48357.9,0.261781495590384,0.163413401136039,0.281645353308434
mas de 48357.9,0.569447576794416,0.0652001229260512,0.26441768681314
