TENENCIA,N,TENENCIA,N
CASERO,435958.940622877,CASERO,0.132882630001895
INQUILINA,882038.485186259,INQUILINA,0.268850074520727
PROPIETARIO,1962784.57419086,PROPIETARIO,0.598267295477378
