quantiles,CASERO,INQUILINA,PROPIETARIO
hasta 15160.91,0.0323572671944164,0.455382144176343,0.190370431382977
entre 15160.91 y 27977.89,0.120670037311735,0.301535400978006,0.248831550662985
entre 27977.89 y 48136.53,0.257996768724804,0.174656832500925,0.285353351399502
mas de 48136.53,0.588975926769044,0.0684256223447255,0.275444666554536
