TENENCIA,N,TENENCIA,N
CASERO,139578.937401893,CASERO,0.111265944190082
INQUILINA,365742.936531352,INQUILINA,0.291553538961545
PROPIETARIO,749140.472276149,PROPIETARIO,0.597180516848373
