TENENCIA,media,mediana,media_noal,mediana_noal
CASERO,77701.1298886781,55360.15,66939.0038199056,46315.19
INQUILINA,20606.0583246848,16587.72,20606.0583246848,16587.72
PROPIETARIO,41983.3486601406,31440.37,41983.3486601406,31440.37
