TENENCIA,media,mediana,media_noal,mediana_noal
CASERO,84686.3772873522,60570.26,80807.4195782033,57298.8014285714
INQUILINA,24685.2437293334,20363.36,24685.2437293334,20363.36
PROPIETARIO,44747.6928162012,33402.09,44747.6928162012,33402.09
