quantiles,CASERO,INQUILINA,PROPIETARIO
hasta 0,0.00143917286795155,0.00997194928169905,0.0239414801410106
entre 0 y 12422.87,0.0978871696422579,0.508041069747124,0.212554148451383
entre 12422.87 y 24435.69,0.204339249773059,0.339389039057856,0.342735089202984
mas de 24435.69,0.696334407716732,0.142597941913321,0.420769282204623
