TENENCIA,media,mediana
CASERO,47130.1596829918,34493.44
INQUILINA,8367.00533812833,1982.97
PROPIETARIO,26037.2578157286,20612.9
