TENENCIA,media,mediana,media_noal,mediana_noal
CASERO,78856.7407785975,53687.53,74198.4253221253,49190.95
INQUILINA,20666.1374380712,16659.58,20666.1374380712,16659.58
PROPIETARIO,41820.2803083881,30790.45,41820.2803083881,30790.45
