TENENCIA,N,TENENCIA,N
CASERO,435327.011070603,CASERO,0.132690014475391
INQUILINA,917104.703198918,INQUILINA,0.279538446382271
PROPIETARIO,1928350.28573048,PROPIETARIO,0.587771539142338
