TENENCIA,media,mediana
CASERO,84641.565348395,60833.26
INQUILINA,24842.5282687001,20433.49
PROPIETARIO,45070.5393873098,33507.73
