TENENCIA,media,mediana
CASERO,27766.574348294,26499.86
INQUILINA,11515.3707964245,9437.36
PROPIETARIO,18194.6097367786,20845.37
