quantiles,CASERO,INQUILINA,PROPIETARIO
hasta 17551.49,0.0506519101417057,0.483513386490974,0.19259638938605
entre 17551.49 y 29543.67,0.149599569669931,0.292552375457572,0.253340172856756
entre 29543.67 y 49226.23,0.266641281815268,0.157926808417047,0.285988510365137
mas de 49226.23,0.533107238373095,0.0660074296344074,0.268074927392057
