quantiles,CASERO,INQUILINA,PROPIETARIO
hasta 6472.89,0.0900215468018346,0.335057976293844,0.194946386074473
entre 6472.89 y 14400,0.144523864596378,0.338479566142509,0.181786014060561
entre 14400 y 23936.87,0.242056516783059,0.227942756863715,0.272966841412358
mas de 23936.87,0.523398071818728,0.0985197006999319,0.350300758452608
