TENENCIA,N,TENENCIA,N
CASERO,7519.52781069898,CASERO,0.133199791166085
INQUILINA,15745.5498648239,INQUILINA,0.278914315710837
PROPIETARIO,33187.9223244771,PROPIETARIO,0.587885893123078
