quantiles,CASERO,INQUILINA,PROPIETARIO
hasta 18335.36,0.0391015487036096,0.441732480086601,0.206807393938062
entre 18335.36 y 31721.23,0.123798332274415,0.291364131928691,0.258957421597622
entre 31721.23 y 53802.14,0.2605848302743,0.189288040843729,0.276411739895606
mas de 53802.14,0.576515288747675,0.0776153471409797,0.257823444568711
