quantiles,CASERO,INQUILINA,PROPIETARIO
hasta 19256.23,0.0521410846493856,0.483054984691326,0.214567778915142
entre 19256.23 y 32600.2,0.147044863049295,0.278601444830871,0.265507127230253
entre 32600.2 y 54542.87,0.262796919597626,0.173845788035315,0.274794727220103
mas de 54542.87,0.538017132703694,0.0644977824424879,0.245130366634502
