TENENCIA,N,TENENCIA,N
CASERO,366180.319918233,CASERO,0.11504320004368
INQUILINA,789449.178878987,INQUILINA,0.248021957680233
PROPIETARIO,2027351.50120278,PROPIETARIO,0.636934842276087
