TENENCIA,N,TENENCIA,N
CASERO,240814.675036947,CASERO,0.0734016082254008
INQUILINA,1800995.90288098,INQUILINA,0.548953238246546
PROPIETARIO,1238971.42208207,PROPIETARIO,0.377645153528053
