TENENCIA,N,TENENCIA,N
CASERO,240847.606935579,CASERO,0.0734116460452353
INQUILINA,1800923.90906677,INQUILINA,0.548931294144742
PROPIETARIO,1239010.48399765,PROPIETARIO,0.377657059810023
