gender,freq2021,freq2016
female,0.533277736832255,0.534838567996479
male,0.466722263167745,0.465161432003521
