year,sg,cyl,ratio
2016,19280.31,1026889,0.0187754567436208
2021,21034,1032322,0.0203754254970833
