gender,freq2021,freq2016
female,0.52969703995672,0.532971142868391
male,0.458420279774326,0.479134679737018
