Tramo,Freq,Total
1,0.000375715762060314,948.33333333
2,0.0210095477984102,53029.5944630182
3,0.0307005716140209,77490.4285468522
4,0.0632474728695364,159641.124562237
5,0.148703382315692,375337.924221149
6,0.45841694909078,1157077.01748334
7,0.236279959693673,596387.440725493
8,0.0326075532646175,82303.786004608
9,0.00865884759121026,21855.5478054463
