index,Freq,Total
1,0.00345534190481461,58438.0000000363
2,0.0330827789875849,559507.999999617
3,0.0690039441541011,1167019.82019815
4,0.12585504918177,2128506.40159254
5,0.216873820120908,3667848.98552998
6,0.418859123134024,7083897.95047925
7,0.120855600847777,2043953.91162476
8,0.00998529591992809,168874.959133871
9,0.00202904574909242,34315.9602586124
