TENENCIA,media,mediana
CASERO,53502.3061761747,57116.23
INQUILINA,17113.1666442041,12004.03
PROPIETARIO,30156.4105877389,24315.89
