V1,V2,renta,prop_migr,tenencia_migr,tenencia_nacio,renta_ten_mig,renta_ten_nat,miembros
693.931470538653,0,34228.0651891388,0.876551816593352,0.932281822231631,0.0858978673420748,17235.4852123216,55649.4085782134,2.85226168961998
676.175947058118,0,18496.1609698373,0.123448183406648,0.0677181777683689,0.119159920630395,35851.9896585551,14891.9937066457,4.64115107866899
81.5828317378062,0,32285.9901917387,1,0.932281822231631,0.79494221202753,17235.4852123216,34811.8019984475,3.07309683501351
