TENENCIA,N,TENENCIA,N
CASERO,4844.76361553626,CASERO,0.093607767515578
INQUILINA,6240.55557042491,INQUILINA,0.120576465925205
PROPIETARIO,40670.6808140388,PROPIETARIO,0.785815766559217
