TENENCIA,media,mediana
CASERO,32204.0606317521,30724.16
INQUILINA,7129.02346652268,3052.54
PROPIETARIO,19384.1641694093,17789.59
