TENENCIA,media,mediana,media_noal,mediana_noal
CASERO,53325.131420569,46631.39,45361.9278199314,35359.56
INQUILINA,14985.2536106612,14405.3,14985.2536106612,14405.3
PROPIETARIO,32727.7950090128,25967,32727.7950090128,25967
