V1,V2,renta,prop_migr,tenencia_migr,tenencia_nacio,renta_ten_mig,renta_ten_nat
1287.81795393443,0,35452.6738488944,0.916205074146617,0.00826089615444913,0.112506020499178,50040.9175956326,57152.0918314458
830.81965993646,8.11967008728775,22756.389128018,0.0837949258533828,0.805397804524728,0.146505907448379,20768.6274050051,18177.601720747
49.5173820033406,6.44051022849348,34388.7896120951,1,0.186341299320823,0.740988072052443,30138.2431579749,35573.5731688486
