TENENCIA,media,mediana
CASERO,30235.9454580076,30797.16
INQUILINA,4837.55375456914,42.14
PROPIETARIO,18028.5393711511,16492.83
