TENENCIA,media,mediana,media_noal,mediana_noal
CASERO,56849.1702761397,53947.11,49252.3469523267,45684.49
INQUILINA,18679.3045942925,15192.1,18679.3045942925,15192.1
PROPIETARIO,34658.6298698297,29653.38,34658.6298698297,29653.38
