quantiles,CASERO,INQUILINA,PROPIETARIO
hasta 18351.76,0.0263092226773918,0.54301573771995,0.202760614770525
entre 18351.76 y 28125.4,0.0956909067761746,0.264985120735132,0.256688273248775
entre 28125.4 y 42284.66,0.195126056895855,0.142625755940414,0.290306828642493
mas de 42284.66,0.682873813650578,0.0493733856045038,0.250244283338207
