quantiles,CASERO,INQUILINA,PROPIETARIO
hasta 16380.89,0.0327795597762441,0.535651633026404,0.195290256701724
entre 16380.89 y 27889.3,0.127134139929654,0.270611909178595,0.257005058451828
entre 27889.3 y 41275.19,0.186904358017783,0.136697476639992,0.294623117136267
mas de 41275.19,0.653181942276319,0.0570389811550099,0.25308156771018
