quantiles,CASERO,INQUILINA,PROPIETARIO
hasta 14405.3,0.0180623828547322,0.529235638312377,0.201196563626022
entre 14405.3 y 25812.09,0.149840547372385,0.312482253929747,0.250003138560298
entre 25812.09 y 38328.12,0.180270533550496,0.124415193165073,0.283299193840766
mas de 38328.12,0.651826536222387,0.0338669145928031,0.265501103972914
