TENENCIA,N,TENENCIA,N
CASERO,2095.36117223745,CASERO,0.0996178174497208
INQUILINA,4388.04041662093,INQUILINA,0.208616545432199
PROPIETARIO,14550.5984111419,PROPIETARIO,0.69176563711808
