quantiles,CASERO,INQUILINA,PROPIETARIO
hasta 13244.17,0.0215442489909586,0.480498905030139,0.191188804380832
entre 13244.17 y 22575.71,0.072045136973068,0.321338658047704,0.248271530458
entre 22575.71 y 37518.99,0.284367268516308,0.183175599595328,0.275320140301575
mas de 37518.99,0.622043345519665,0.0149868373268291,0.285219524859592
