TENENCIA,media,mediana
CASERO,53947.6809521203,53449.87
INQUILINA,14958.6686283394,13077.72
PROPIETARIO,32297.0590828136,27040.97
