TENENCIA,N,TENENCIA,N
CASERO,1470.6579826474,CASERO,0.0762777195009222
INQUILINA,4225.88034386297,INQUILINA,0.219181155181561
PROPIETARIO,13583.7704224896,PROPIETARIO,0.704541125317517
