TENENCIA,N,TENENCIA,N
CASERO,4722.82531141819,CASERO,0.0929653421404313
INQUILINA,9850.53876852458,INQUILINA,0.193900609592626
PROPIETARIO,36228.6359200572,PROPIETARIO,0.713134048266943
