quantiles,CASERO,INQUILINA,PROPIETARIO
hasta 13420.21,0.0218384397817407,0.473201874092602,0.204140925303672
entre 13420.21 y 22962.84,0.0872067142935372,0.32005517099513,0.243884873769332
entre 22962.84 y 37755.87,0.268183686433285,0.192012948230773,0.267631247885611
mas de 37755.87,0.622771159491437,0.0147300066814957,0.284342953041384
