TENENCIA,media,mediana
CASERO,24168.2891399323,23898.36
INQUILINA,7434.08849915882,3007.66
PROPIETARIO,17359.0121464142,17703.7
