TENENCIA,N,TENENCIA,N
CASERO,2182.71517619001,CASERO,0.103770808034135
INQUILINA,4242.93020926878,INQUILINA,0.201717705109286
PROPIETARIO,14608.3546145414,PROPIETARIO,0.694511486856579
