TENENCIA,media,mediana
CASERO,58666.8555359446,55274.15
INQUILINA,18478.4680799011,16584.1
PROPIETARIO,35143.0412703748,29665.06
