quantiles,CASERO,INQUILINA,PROPIETARIO
hasta 475,0.104605299795952,0.457374944224674,0.0861685348510084
entre 475 y 12888.85,0.106719277147258,0.27604690704335,0.240675970970883
entre 12888.85 y 21270.83,0.162604854348921,0.189170637457397,0.301115851174564
mas de 21270.83,0.626070568707869,0.0774075112745786,0.372039643003544
