TENENCIA,media,mediana
CASERO,33488.296598048,24894.37
INQUILINA,4696.88038508494,0.1
PROPIETARIO,19846.3418426135,16273.4
