TENENCIA,media,mediana,media_noal,mediana_noal
CASERO,76548.2423968674,57999.28,73074.8154824651,54607.4328571429
INQUILINA,23245.1489503678,19416.94,23245.1489503678,19416.94
PROPIETARIO,42017.5173648827,34305.82,42017.5173648827,34305.82
