TENENCIA,media,mediana
CASERO,64660.1268160807,49133.73
INQUILINA,17923.1021025997,14688.95
PROPIETARIO,37223.7841235729,29908.31
