V1,V2,renta,prop_migr,tenencia_migr,tenencia_nacio,renta_ten_mig,renta_ten_nat,wave
843.20211171454,0,31739.2352053258,0.900473844116329,0.937154021062393,0.0862824115396135,16865.1399609787,53325.131420569,2016
593.136513031446,0,18020.1444489869,0.0995261558836705,0.0628459789376072,0.143922686566926,35243.4754970492,13632.3108042409,2016
61.6460200434811,0,30373.8268401282,1,0.937154021062393,0.76979490189346,16865.1399609787,32705.0951022211,2016
1287.81795393443,0,35452.6738488944,0.916205074146617,0.00826089615444913,0.112506020499178,50040.9175956326,57152.0918314458,2021
830.81965993646,8.11967008728775,22756.389128018,0.0837949258533828,0.805397804524728,0.146505907448379,20768.6274050051,18177.601720747,2021
49.5173820033406,6.44051022849348,34388.7896120951,1,0.186341299320823,0.740988072052443,30138.2431579749,35573.5731688486,2021
