categories,CASERO,INQUILINA,PROPIETARIO,wave
hasta 13244.17,0.0215461156231519,0.480507415068625,0.191196896492994,2016
entre 13244.17 y 22575.71,0.072048632483038,0.321336457724642,0.248276483914254,2016
entre 22575.71 y 37518.99,0.284374733539718,0.183170531730522,0.275318394185063,2016
mas de 37518.99,0.622030518354092,0.014985595476211,0.285208225407689,2016
hasta 16380.89,0.0327840337460462,0.53570979945831,0.195317435828791,2021
entre 16380.89 y 27889.3,0.127132167468694,0.270590338012556,0.257002378004268,2021
entre 27889.3 y 41275.19,0.18687992786073,0.136672615213083,0.294588014324459,2021
mas de 41275.19,0.653203870924529,0.0570272473160511,0.253092171842482,2021
