TENENCIA,media,mediana,media_noal,mediana_noal,wave
CASERO,53325.131420569,46631.39,45361.9278199314,35359.56,2016
INQUILINA,14985.2536106612,14405.3,14985.2536106612,14405.3,2016
PROPIETARIO,32727.7950090128,25967,32727.7950090128,25967,2016
CASERO,57104.6555098131,53947.11,49473.2699240374,45684.49,2021
INQUILINA,19044.4754900073,16769.21,19044.4754900073,16769.21,2021
PROPIETARIO,35451.3725725621,29788.38,35451.3725725621,29788.38,2021
